コード,銘柄名
4681,リゾートトラスト
9551,メタウォーター
1885,東亜建設工業
3799,キーウェアＳＯＬ
1942,関電工
3443,川田ＴＥＣＨ
1944,きんでん
1835,東鉄工業
4028,石原産業
3964,オークネット
6744,能美防災
1961,三機工業
7972,イトーキ
1808,長谷工
3415,ＴＫＹ　ＢＡＳＥ
1723,日本電技
1969,高砂熱学工業
1965,テクノ菱和
8006,ユアサフナショク
3763,プロシップ
6331,三菱化工機
1801,大成建設
5105,ＴＯＹＯＴＩＲＥ
3417,大木ヘルスケアＨ
3096,オーシャンＳ
4732,ＵＳＳ
8052,椿本興業
6013,タクマ
7212,エフテック
1417,ミライトワン
6637,寺崎電気産業
8007,高島
7532,ＰＰＩＨ
4404,ミヨシ油脂
7279,ハイレックスＣ
4619,日本特殊塗料
9436,沖縄セルラ
8194,ライフＣ
6750,エレコム
9621,建設技術研究所
6332,月島Ｈ
9743,丹青社
1952,新日本空調
9201,日本航空
3280,エストラスト
1938,日本リーテック
3284,フージャースＨ
4617,中国塗料
8037,カメイ
6028,テクノプロＨ
1870,矢作建設工業
1934,ユアテック
2485,ティア
1946,トーエネック
4633,サカタインクス
4680,ラウンドワン
8015,豊田通商
6814,古野電気
2124,ＪＡＣリクルート
7984,コクヨ
7981,タカラＳＴＤ
6508,明電舎
8227,しまむら
7649,スギＨ
7483,ドウシシャ
5802,住友電気工業
9369,キユーソー流通Ｓ
1980,ダイダン
8864,空港施設
7245,大同メタル工業
8593,三菱ＨＣキャピ
6061,ユニバーサル園芸
2114,フジ日本
3467,アグレ都市デザ
4776,サイボウズ
8252,丸井グループ
6071,ＩＢＪ
1893,五洋建設
1926,ライト工業
1976,明星工業
3341,日本調剤
7994,オカムラ
8919,カチタス
5352,黒崎播磨
3798,ＵＬＳグループ
6845,アズビル
9037,ハマキョウＲ
7438,コンドーテック
2726,パルＧＨ
8844,コスモスイニシア
1949,住友電設
3020,アプライド
6644,大崎電気工業
1950,日本電設工業
9869,加藤産業
1766,東建Ｃ
3489,フェイスＮＷ
8370,紀陽銀行
2353,日本駐車場開発
8359,八十二銀行
