入力回数,プロンプト
1," ""/init "","
2," ""/model "","
3," ""https://kabutan.jp/stock/finance?code=9984\n\n上記URLは株探の財務情報が取得できるページのURLです。今回は9984ソフトバンクのページをテストページとして開いています。このページのテーブルから\n\n3ヵ月決算【実績】\n\n上記3か月ごとの決算情報が取得できるテーブルを探して出力してもらえますか"","
4," ""素晴らしいです。この売上高、経常益の項目をclaude.mdの## 財務データ処理の考慮事項３．の**成長率計算**の計算で成長率を出力することは可能でしょうか"","
5," ""実装に入る前に簡易的なsow.mdを作成してください"","
6," ""はい！お願いします！"","
7," ""成長率計算は以下ですが、仕様とあってますか\n\n**成長率計算**:\n (現四半期 - 1年前の同四半期(5期前の四半期のこと)) / sum(abs(1期前の四半期),abs(2期前の四半期),abs(3期前の四半期),abs(4期前の四半期))\n\n時系列で出力すると最新は\n\nI  　 24.07-09      69.28%\nI  　 24.10-12      -73.30%\nI  　 25.01-03      30.70%\nI  　 25.04-06      18.21%\n\nこれが経常利益の四半期成長率になりますが、あってるでしょうか"","
8," ""いったんこのプロジェクトを実装前まで戻しましょう"","
9," ""まずテストURLとしてソフトバンクからテーブル出力するところまではてきていたと思います。それをcsv出力するまで作成できますか"","
10," ""それはこのデータが取得できるテーブルですか\n\nI  　 23.07-09      1,669,553    －    -731,231    -931,111    -642.2    －    23/11/09\nI  　 23.10-12      1,774,841    －    1,171,500    950,004    674.0    －    24/02/08\nI  　 24.01-03      1,754,599    －    -206,274    231,077    173.6    －    24/05/13\nI  　 24.04-06      1,701,747    －    225,698    -174,281    -122.4    －    24/08/07\nI  　 24.07-09      1,768,175    －    1,235,445    1,179,600    798.7    －    24/11/12\nI  　 24.10-12      1,832,654    －    -190,211    -369,165    -247.6    －    25/02/12\nI  　 25.01-03      1,941,176    －    433,789    517,178    350.1    －    25/05/13\nI  　 25.04-06      1,820,341    －    689,941    421,819    291.7    －    25/08/07"","
11," ""テーブルにPDFにりんくはありますか"","
12," ""テーブルを出力する際に発表日とURLも追加してもらえますか"","
13," ""素晴らしい！あとはもう一つ要望がありまして、PDFの1ページ目に財政状態に関する項目があるのですが、ここの資産合計と資本合計のデータもテーブル出力する際に盛り込むことはできますか"","
14," ""ページはこちらのURL構造を参照する必要があるようなので、テーブル出力する際のURLもこちらに併せて修正してください\n\nhttps://tdnet-pdf.kabutan.jp/20250807/140120250805531214.pdf"","
15," ""9984ソフトバンクであれば、資産合計は44,841,782、資本合計は 13,603,799になる部分です"","
16," ""いや、それは今回だけの例なので、固定化した探し方をせず、マッチングさせてください。あくまで参考です"","
17," ""csvを見ると、24.10-12の部分が取得できてないようですが、ここはなぜ取得できてないのでしょうか。"","
18," ""素晴らしい。自分でこれを実行する際のコマンドはどうすればよいでしょうか"","
19," ""今まではuv runで実行していたのですが、これはuvを使用したプロジェクトになっていないのでしょうか"","
20," ""実装したシステムに不要なプログラムは削除してもらえますか"","
21," ""fetch_quaterly_data.pyではなくqoq_data.pyに変更できますか"","
22," ""qoq_data_processing_flow.mdとqoq_data_implementation.mdを作成してもらえますか"","
23," ""/clear "","
24," ""qoq_data.pyの実行方法を教えて"","
25," ""これはどのディレクトリで実行する必要がありますか。プロジェクト直下に実行ファイルを置いて、実行できるようにしたいのですができますか"","
26," ""uv run python qoq_data.pyでそのような実行がしたいんですが"","
27," ""いや、それだと元のqoq_data.pyと二つ同じファイル名の実行ファイルがある状態になってしまいますよね。srcフォルダ内に実行ファイルを置かないといけない理由があるのでしょうか"","
28," ""修正してほしい情報があるので、プロジェクト全体はまずは把握してもらえますか"","
29," ""qoq_data.pyで出力されるテーブルに、テーブルの経常益を利用して計算したデータを追加してください。駅三色は以下です\n\n(現四半期 - 1年前の同四半期) / sum(abs(1期前),abs(2期前),abs(3期前),abs(4期前))\n\n現四半期とは発表日が最も新しいデータです。例えばサンプルとして出力してる9984ソフトバンクのデータであれば、\n\n四半期成長率 = (689941.0 - 225698.0) / sum(abs(689941.0), abs(433789.0), abs(-190211.0), abs(1235445.0))\n\nとなり、値は18.21%になれば計算はあっています"","
30," ""まずはプロジェクトを確認してみましょうuvに関するファイルは既に入っていませんか"","
31," ""ありがとう！営業益と最終益、修正1株益のテーブルは必要ないので出力から外してください"","
32," ""資本合計と四半期成長率の間に、項目を追加して下さい。そこには売上高成長率という項目を追加し、計算式は四半期成長率と同じで、計算する内容に代入する値を経常益→売上高に変更したものです"","
33," ""四半期成長率は計算式が違いませんか。18.21%が正しいデータになるはずです\n\n9984ソフトバンクであれば、\n(現四半期25/08/07 - 1年前の同四半期24/08/07) / sum(abs(現四半期25/08/07), abs(1期前25/05/13), abs(2期前25/02/12), abs(3期前24/11/12))\n四半期成長率 = (689941.0 - 225698.0) / sum(abs(689941.0), abs(433789.0), abs(-190211.0), abs(1235445.0))\n\nこのような計算式になってますか"","
34," ""素晴らしいです！ありがとう！"","
35," ""更に右側に\""経常益利回り\""という項目を追加してください。計算式は、決算期の中のどの四半期なのかのデータを用いたいのですが1Q～4Qまでを識別する情報は取得するテーブルにありますか"","
36," ""つまり年度を表す23.24.25など、最初の数値が変わった最初のデータが1Qと認識することは可能ということでしょうか"","
37," ""実は銘柄ごとに決算期が違うので、それによって1Qがどれになるのかも変わります。通期のデータが取得できるテーブルは探せますか。そのテーブルにある、\""決算期\""と記載された項目の中の、YYYYMMのMMの月があるのが4Qになります"","
38," ""経常益利回りの計算式は以下です\n\n1Q経常益利回り = その期の1Q経常益 * 4 / 資本合計\n2Q経常益利回り = (その期の1Q経常益+2Q経常益) * 2 / 資本合計\n3Q経常益利回り = (その期の1Q経常益+2Q経常益+3Q経常益) * 1.33 / 資本合計 \n4Q経常益利回り = (その期の1Q経常益+2Q経常益+3Q経常益+4Q経常益)  / 資本合計"","
39," ""判定ロジックは決め打ちではなく変数化できませんか。例えば08が本決算であれば、決算期は06-08月が4Q、09-11月が1Qになるような形です"","
40," ""素晴らしいです！ここまでの情報をtmp内の3つのマークダウンの適切な場所に加筆修正できますか"","
41," ""素晴らしいです！ここまでの情報をtmp内の2つのマークダウンの適切な場所に加筆修正できますか"","
42," ""ありがとう！その右側に\""四半期割安率_四四半期平均\""という項目を追加してください。計算式は四半期成長率と一緒で、中に入れる数値が経常益利回りのデータです"","
43," ""指示をよく読んだあと、実装前にどういったプランで実装しようとしているのか確認してから実装していただけますか"","
44," ""はい！お願いします"","
45," ""実行して確認してみますので、少々お待ちください"","
46," ""正しく出力されていないですね。ただこれは、経常益利回りの計算が間違っているようです。25/05/13の経常益利回りが8.05になってますが、12.22%になりませんか"","
47," ""経常益は1つの四半期のデータです。仰っているように\""累積経常益\"" / 資本合計 *100 なので、1704721 / 13953026 = 12.217%になりませんか"","
48," ""無事、経常益利回りは修正されました。しかし四半期割安率_四半期平均は計算が誤っているので修正してほしいです。今はどのような計算式になっていますか。四半期成長率と同じであれば\n\n117.63%\n20.91%\n22.22%\n20.81%\n\nこうなります。20.81%の部分だけはあっているようです"","
49," ""もしかして、経常益利回りに修正していない情報がありますね\n\n-15.55%\n3.01%\n0.44%\n6.36%\n22.82%\n11.63%\n12.22%\n20.29%\n\n6.36%までしかあっておらず、0.44%,3.01%,-15.55%が誤ってます。"","
50," ""NaNになってしまっています。もう一度しっかりコードを読み込んで状況を把握してもらえますか ultrathink"","
51," ""-15.55%\n3.01%\n0.44%\n6.36%\n22.82%\n11.63%\n12.22%\n20.29%\n\nやはりこうなっておらず、本来0.44, 3.01, -15.55になるべきところが1.77,5.00,-12.53になっています。もう一度しっかりコードを読み込んで状況を把握してもらえますか ultrathink"","
52," ""ありがとう！確認できました\n\nさらに隣に、四半期割安率_前年同期ベースを作成してください。計算式は\n\n現四半期 - 前年同四半期(5期前四半期のこと)"","
53," ""はい"","
54," ""良い感じです！更に右に四半期割安率_前四半期の項目を作成してください。計算式は、\n\n経常益利回りの、現四半期-1期前四半期です"","
55," ""無事確認できました！ありがとう"","
56," ""URLの末尾が9984になっており、これはソフトバンクの証券コードです。これを1332に変更して実行してみてもらえますか"","
57," ""いえ、存在していますよ。コードがハードコーディングされている部分が無いか確認してください ultrathink"","
58," ""修正は本決算がどの月でも動くように実装してください。ソフトバンクは決算期が03でしたが、この銘柄は06です。01～12まで動くように動的に実装する必要があります"","
59," ""6月決算の例が間違っています。Qは1Q→2Q→3Q→4Qなので、3Q→2Q→1Q→4Qではないですね"","
60," ""よろしくお願いします。"","
61," ""これは3/6/9/12 1/4/7/10 2/5/8/11 の決算にも対応している動的実装になっていますか ultrathink"","
62," ""動的修正のプランを先に提示してもらえますか"","
63," ""決算月は通期テーブルから判定する仕組みになっていませんでしたか"","
64," ""はい。そちらのほうが良いと思います"","
65," ""それは半期テーブルじゃないでしょうか。通期テーブルにはこのような値が並んでいます\n\n2022.03      693,682    27,076    32,372    17,275    55.5    14    22/05/12\n　 　 2023.03      768,181    24,488    27,776    21,233    68.2    18    23/05/12\n　 　 2024.03      831,375    29,663    31,963    23,850    76.7    24    24/05/14\n　 　 2025.03      886,126    31,779    35,301    25,381    81.7    28    25/05/14\n　 予 2026.03      900,000    34,500    35,500    25,000    82.5    28    25/05/14"","
66," ""はい"","
67," ""資産合計と資本合計が取得できていません。銘柄によってはPDFファイルの資産合計の項目が総資産、資本合計の項目が純資産になっているので、そこを確認してもらえますか"","
68," ""hai"","
69," ""1ページ目にある総資産と純資産の項目をそれぞれ資産合計と資本合計と同じものとして扱ってほしいんですが、どこを参照してますか"","
70," ""PDFからテキストを抽出する際に、ライブラリなどは用いてますか。webサーチなども含めて調査してみてください"","
71," ""素晴らしい。次はURL末尾を9983にして行ってみてもらえますか"","
72," ""いいですね！流石です\n\nここまでの問題は解決しているようなので、tmpフォルダのマークダウンの適切な部分を修正しましょう"","
73," ""助かりました。実行ファイル名をqq.pyにしてもらえますか"","
74," ""qq.pyを用いて新しい実行プログラムを作成してほしいです。URLの末尾のXXXXを変数化し、codelist.csvのコードを代入し各コードごとにqq.pyを実行して、最も最新のデータをコードごとにリストでcsv出力するツールがほしいです。出力する項目は以下。\n\n発表日, 決算期, 四半期, 売上高, 経常益, 資本合計(純資産), 売上高成長率, 四半期成長率, 経常益利回り, 四半期割安率_四半期平均, 四半期割安率_前年同期比ベース, 四半期割安率_前四半期"","
75," ""素晴らしい！ほぼ問題ないです。ただ"","
76," ""素晴らしい！ほぼ問題ないです。ただ、3799だけデータが欠損しているようですが、これはどのような理由なのか調査してもらえますか"","
77," ""なるほど、中小企業は1億円の会社もあるので、その辺まで対応したいですね"","
78," ""ありがとう！早速、batch_qq.pyを試してみます"","
79," ""ありがとう！助かりました。tmpフォルダにbatch_qq_implementation.mdとbatch_qq_processing_flow.mdを作成してください"","
80," ""売上高成長率    四半期成長率    経常益利回り    四半期割安率_四半期平均    四半期割安率_前年同期ベース    四半期割安率_前四半期\n\n\nこれらの項目ですが、%に直すために/100してcsv出力することは可能でしょうか。また、codelist.csvの1行目をヘッダーにしました。そして1列目をコード、2列目を銘柄名としてます。batch_summary.csvを出力する際には、コードと発表日の間に銘柄名も出力するようにしてもらえますか。codelist.csvの銘柄名が空欄だった場合は、batch_summary.csvの銘柄名項目も空白で問題ありません。そして、codelist.csvは文字化けしているのでUTF-8のbom月に変換してください"","
